name,address,email,phone,date_of_birth
David White,"4660 Molina Extensions, North Anthony, LA 84019",dawn73@example.net,693-398-3175,1997-01-31
Christopher Hawkins,"423 Jacobs Fort, Brucehaven, DC 62560",hfischer@example.org,6819674264,1947-05-09
Ryan Jones,"1800 Rivera Road, Williamsfurt, NH 47644",brownsheri@example.org,001-889-462-5624x303,1979-10-01
Robert Ewing,"Unit 6832 Box 0503, DPO AE 30803",katie62@example.org,940-738-7045x4044,1959-11-21
Cody Campos,"36942 Sergio Tunnel Suite 002, New Judithbury, SC 75672",kenneth26@example.com,(543)734-1320x41114,1970-12-23
Melissa Edwards,"31392 Suzanne Lakes Apt. 965, Nicholasfort, NH 75055",stanley73@example.com,915-206-4060x85141,1973-01-04
Shawn Burns,"27270 Miller Village, Lake John, MH 94582",myersjohn@example.org,+1-530-949-7535,1951-05-15
Randall Vazquez,"PSC 5250, Box 0105, APO AP 24023",iwilkerson@example.org,001-506-409-4559x9773,1942-08-03
Angela Anderson,"PSC 9380, Box 7846, APO AP 97549",ericamartinez@example.org,001-730-973-2073,1984-09-14
Mackenzie Heath,"726 Michael Station, North Samuel, CO 71493",zreed@example.org,(450)288-1736x60708,1953-12-31
Eric Wilson DVM,"096 Dominic Highway, Campbellshire, MH 88057",smithnathan@example.org,001-410-613-6190x02468,1953-12-12
Victor Moreno,"8975 Jillian Passage Suite 751, South Christopherside, DE 37856",dustinhill@example.org,673-760-5217x9594,1936-11-20
Joseph Guzman,"955 Barbara Street, Martinezchester, MD 17851",mgarza@example.net,(760)982-6975,1995-07-24
Amy Rivera,"6435 Mccann Camp, Ericside, NV 04456",michael89@example.com,(951)247-5538,1991-06-11
Ashley Serrano,"88606 Lauren Circles Suite 111, Port Carlaberg, NC 43713",moonkara@example.net,271-918-4337x83514,1959-03-22
Hannah Williams,"590 Joseph Station Apt. 052, West Crystalfurt, MN 01233",fernandezjeffrey@example.com,001-952-601-5250x3068,1960-02-03
Jennifer Gonzalez,"81206 Reyes Vista, Jamesburgh, ME 45370",stephenbarron@example.org,001-472-300-5490x0511,1935-10-30
Elizabeth Lozano,"USCGC Wolf, FPO AA 43848",martinmyers@example.org,(241)683-6601x47357,1934-03-10
Shawn Webster,"7881 Alvarez Crossing Apt. 058, West Markstad, RI 49629",jefferyperez@example.org,6737954456,1972-09-12
Cynthia Rodriguez,"730 Alexander Tunnel Suite 059, Heidiberg, SC 02404",richmondkyle@example.com,+1-218-307-3830,1992-02-12
Denise Turner,"919 Williams Point, North Ashley, VT 11587",travisshaw@example.net,423.337.8453x20422,1990-02-12
Linda Ramos,"59564 Kristin Forges Suite 659, West Josephville, FL 72078",dennis35@example.com,263.438.4145x4391,2001-07-28
Victoria Davis,"4578 Wilson Valleys, Thompsonchester, ME 89012",ryanwilliams@example.net,001-274-394-2959x51387,1948-05-12
John Rangel,"325 Rodney Roads, Sandratown, MN 03215",jenniferflowers@example.org,610.712.2486x44882,1999-01-06
Ashley Blanchard,"35736 Brown Curve Suite 728, South Charles, HI 19931",brandonwolfe@example.net,777-379-3458x4481,1972-07-23
Roy Brewer,"421 Anthony Shoals Suite 936, North Kimside, MH 85527",hoganmario@example.com,629.774.9110,1979-11-06
Lisa Alvarez MD,"2523 Lewis Point, Kevinside, NH 42838",anna97@example.org,5984961858,1997-08-08
Ricky Price,"54748 Mitchell Valleys Suite 427, Michaeltown, PA 95121",miaballard@example.org,001-476-749-6138x960,1970-11-19
Stephanie Harris,"PSC 5898, Box 8629, APO AA 93406",amandajohnson@example.org,+1-508-888-8548,1974-04-30
William Mclean,"8464 Huang Curve, Petersonview, AZ 35873",rreeves@example.com,+1-782-979-9511,1964-04-22
Kara Williams,"078 Aaron Ramp, Garciaside, AK 40960",lisa54@example.org,8056722899,1984-07-30
Christopher Pena,"913 Miller Trace, Port Mauricefort, KS 14007",ehawkins@example.org,(677)334-9746x005,1955-10-24
Alexis Clayton,"469 Schmidt Valley Suite 604, South Wendyhaven, OK 82329",shortrenee@example.com,584-518-8204,1999-10-24
Joshua Bartlett,"8305 Karen Island, Lake Henryfurt, ME 01558",michelle01@example.net,269.985.4089x88364,1992-02-17
Rachel Goodman,"48429 Cindy Drive, West Andrewstad, ND 82503",gonzalezscott@example.net,+1-703-309-4692x6295,1985-05-02
Laura Reed,"404 Gould Way, Lake Kristina, MT 42830",dan57@example.net,882-752-7755x1723,1941-01-23
Kelly Brown,"819 Norris View Suite 002, Hallview, MS 58741",stonekenneth@example.com,001-566-564-0180x02133,2002-02-27
Katherine Harris,"36872 Sims Ville Apt. 576, Port Ashley, OK 94385",jennifer67@example.org,001-211-608-0129x6718,1995-07-04
Christopher Russo,"6339 Oliver Locks Suite 360, Henrytown, MT 95221",loricrosby@example.net,+1-800-478-3525x3516,1948-12-02
James Smith,"86645 Timothy Place, New Davidstad, NY 47878",phillipsbrianna@example.net,512.273.2192,1949-09-14
Paul Gallegos,"0641 Ramirez Parks Apt. 761, Port Cassidy, CA 48915",bridget57@example.com,353-933-8624,1996-09-15
Angela Jimenez,"582 Jones Park, New Jeanne, OH 15084",john78@example.net,621.330.7960x317,1948-06-09
Matthew Hopkins,"5932 Brittney Islands, Lake Dannyborough, FL 23344",hullaaron@example.org,(205)348-8417,1946-05-14
Samantha Simpson,"876 Reed Camp, Port Michael, AL 42102",bsmith@example.net,001-610-260-0498x2633,1998-01-20
Clayton Poole,"2532 Lucero Circles, New Ryan, VT 04279",rebecca02@example.org,2024527468,1954-09-16
Terry Oliver,"00030 Bryan Ports, North Brittany, WI 88138",bjones@example.com,(346)731-1660x78033,1936-07-22
Jennifer Wheeler,"6735 Keith Port Suite 547, Brownville, WV 51479",rosariomiranda@example.org,989-683-7852x327,1946-05-09
Leah Gallegos,"46948 Danielle Cape Suite 582, Nunezfort, UT 71492",frankalexander@example.org,+1-787-945-0709x670,1985-04-09
Rebecca Anderson,"03608 Jason Points, Lake Sandramouth, MO 41700",tammyward@example.org,+1-944-730-1764x38741,2002-11-25
Dr. Nicole Shea,"87597 Burns Run Apt. 253, New Mark, WV 01714",lawsontammy@example.org,964.933.8602x99193,1956-08-04
Derek Davila,"466 Singh Garden, Blairstad, SC 42925",ericagriffin@example.org,675.341.0376,1966-09-08
Laurie Soto,"Unit 6701 Box 8690, DPO AP 34832",yalexander@example.com,386-893-8150x8884,1965-12-17
Robert Harmon,"37322 Gilbert Locks, Roberttown, ND 96086",amitchell@example.org,001-578-337-5860x4598,1965-05-06
Ricardo Anderson,"17948 Nancy Plains Suite 880, East William, CO 28388",nchristensen@example.com,9656186858,1986-09-10
Lori Bryant,"26955 Amy Corner Suite 012, East Stephanie, CA 41372",rodgersangela@example.org,4005572604,1945-06-10
Anne Olson,"1892 Jackson Ridge Apt. 074, North Laurenville, WY 32619",lori18@example.com,001-666-258-3049x200,1939-09-28
Travis Tucker,"95623 Schneider Drives Apt. 918, Jessicaburgh, NH 37602",brianrodgers@example.com,278.503.2243x7631,2004-03-03
Shannon Olson,"181 Turner Valleys Suite 664, Lopezmouth, VT 50372",yjones@example.org,(288)486-8955,1990-02-23
Briana Martinez,"0741 Kim Falls, Rodneyshire, FM 37749",conwaydean@example.org,+1-940-431-8317x203,1940-11-03
Michelle Johnson,"USS Barnett, FPO AA 41287",roblessandra@example.net,625-439-5537x239,1975-09-01
Randall Clark,"162 Robinson Estate Suite 175, North Brian, ME 63624",bridget87@example.com,001-583-200-5063,1934-03-08
Malik Johnson,"8209 Higgins Corner, North Aprilshire, VA 44513",costakimberly@example.com,(823)522-8251x176,1937-05-05
Heather Taylor,"22051 Julia Spur Apt. 488, Lake Annette, IN 62165",lreyes@example.com,471.992.0253,1940-09-13
Kristin Quinn,"47658 Montoya Court, Coreyhaven, SD 55740",cunninghamnicole@example.org,+1-757-584-9620x73732,1966-11-11
Matthew Wilkerson,"707 Kelly Light, South Lauraport, MI 36287",patrickjoshua@example.net,308-411-0004x955,1959-12-19
Jesus Rollins,"19489 Mccoy Springs, Rodriguezfurt, ME 58887",langdennis@example.org,+1-363-400-3304x14928,1988-07-07
Tara Cooper,"113 Moore Avenue Suite 471, South Diane, GA 14040",candicereed@example.com,001-288-541-6799x70058,1993-08-12
Lauren Reynolds,"040 Robert Street Apt. 209, East Josephview, AR 90976",esanchez@example.org,4214517318,1936-09-12
Patrick Bowen,"98854 West Hills Apt. 579, Ramseyfurt, WY 98239",tiffanydunn@example.com,861-728-3680,1961-10-25
Karen Hernandez,"Unit 0046 Box 8865, DPO AA 75528",shieldsann@example.net,001-470-719-6642x2494,1959-12-19
Nicole Andrade,"USCGC Johnson, FPO AP 44170",diane79@example.net,226.413.1058x777,1939-05-05
Derrick King,"573 Chris Knolls, Taylormouth, NY 45684",david13@example.net,(706)259-3198x60039,1980-09-24
James Roach,"43796 Lee Mountain Suite 769, Franklinborough, VI 68324",yjones@example.com,(290)395-5369x0659,1970-03-02
Michelle Stone,"47884 Stacey Crossroad Apt. 109, Randallmouth, FM 48851",victorhicks@example.org,(328)514-2756,1967-12-05
Erik Cantu,"828 Torres Shoals, Cainside, DC 54502",caseeric@example.net,591.869.2643,1955-04-26
Bruce Roberts,"30915 Cynthia Plaza, Johnnyfort, UT 78964",martha44@example.org,+1-757-248-3223x815,1936-07-21
Mary Nguyen,"23519 Rivera Coves, East Lynnmouth, KS 58269",whays@example.net,845.437.0711x5132,1994-09-08
Brandon Rich,"0819 Michael Bypass, West Daniel, VA 50852",deborah07@example.org,+1-421-364-8441x42654,1933-10-20
Paul Torres,"520 Klein Bridge, Reyesberg, ID 51979",angelgonzalez@example.org,001-903-860-9979x42869,1952-09-30
Andrea Randall,"PSC 4762, Box 3964, APO AE 21669",kennethmiller@example.org,810.860.6938x168,1987-10-05
Walter Scott,"7170 Howell Light, Port Danielshire, AS 67187",tburch@example.org,7018242481,1950-01-19
Sabrina Alvarez,"4680 Chavez Gardens Apt. 482, South Paulashire, AS 55162",andrew83@example.net,001-323-619-1408x266,1946-05-15
Bradley Lee,"49957 Scott Trail, Lake Michaelborough, MS 55605",ejensen@example.net,676-624-6423,1966-07-09
Lucas Gay,"035 Holmes Forks, New Johnchester, MI 69260",pbaker@example.org,220-256-7885x239,1970-01-20
Eddie Hayes,"01950 Angel Common Apt. 944, Castroport, ND 96365",jason36@example.org,724-604-5950x08128,1972-02-08
Marie Burns,"11945 Kenneth Ranch Apt. 718, Port Andrealand, MH 84968",blackstephen@example.com,001-963-255-1789x5285,1987-08-08
George Hart,"43471 Andrews Glens Apt. 898, Michelemouth, WI 22927",jtran@example.net,939.807.9675,1987-01-21
Carlos Melendez,"7718 Zachary Estates Apt. 846, New Lisa, PA 62933",staceyscott@example.org,741-749-2728x865,1937-06-09
Alexis Wright,"926 Samantha Pike Suite 993, Murphychester, KY 08024",ricky42@example.net,(400)725-1502,1974-09-03
Jessica Walker,"4484 Johnson Turnpike Suite 256, East Laura, AL 36475",martha82@example.net,682.202.9894,1985-02-01
Ashley Price,"670 Ashley Trace Suite 666, Port Shanemouth, KS 33017",zfrey@example.net,572-901-9440,1970-04-04
Nicholas Hancock,"244 King Key Apt. 828, Johnsonton, GU 49791",robert24@example.net,240-605-7084,1996-03-15
Jared Bell,"12589 Davis Vista, Jacksonborough, ND 17237",rogersrachel@example.org,(303)722-4953,1994-08-05
Amy Dominguez,"34483 Christina Gardens Suite 445, New Chelsea, UT 80142",perkinsmelissa@example.net,826-394-9749x050,1946-08-29
Felicia Lamb,"803 Medina Expressway Suite 462, Michaelmouth, WI 88228",kristinacombs@example.net,(625)622-8804,1981-01-10
Kathryn Hicks,"USNS Wood, FPO AE 70659",muellerphilip@example.net,9645066725,1952-05-31
Lisa Blair,"7989 Tamara Oval, South Shanefort, VA 84437",astewart@example.com,217.411.4232,1967-05-31
Michael Allen,"46487 Brittney Shores Suite 431, Wolffurt, MA 44397",bennettjason@example.net,6628128880,1942-10-11
Devin Fuller,"94289 Davis Turnpike, Port Scottton, HI 68009",xmartinez@example.com,694-875-4045,1957-07-27
Derek Lucas,"6468 Sexton Ranch, Christopherton, MP 47833",matthewbean@example.org,381-772-4635,1939-01-28
